29160925,3,2018年02月06日,身友,金光春
28306939,3,2017年12月25日,问世,金光春
28116347,3,2017年12月15日,对标,金光春
27778663,3,2017年11月29日,BODY FRIEND,金光春
26827428,3,2017年10月11日,中发白,金光春
21016187,3,2016年08月17日,HANK,金光春
20861006,3,2016年08月03日,BODYFRIEND,金光春
18415252,3,2015年11月24日,晨颂伊,金光春
18355968,3,2015年11月17日,美娥人 NATURAL HOUSE,金光春
29149645,5,2018年02月06日,身友,金光春
28148263,5,2017年12月18日,亮相,金光春
28121129,5,2017年12月15日,对标,金光春
27782021,5,2017年11月29日,BODY FRIEND,金光春
24259898,5,2017年05月22日,山野草木,金光春
20860205,5,2016年08月03日,BODYFRIEND,金光春
18415029,5,2015年11月24日,红之宏尊,金光春
28408995,9,2017年12月28日,对标,金光春
28402825,9,2017年12月28日,照耀,金光春
28398390,9,2017年12月28日,问世,金光春
28398085,9,2017年12月28日,亮相,金光春
28163024,9,2017年12月18日,广仔,金光春
29170830,10,2018年02月06日,身友,金光春
28280746,10,2017年12月22日,问世,金光春
28217726,10,2017年12月20日,小张,金光春
28205057,10,2017年12月20日,路标,金光春
28204309,10,2017年12月20日,十字路口,金光春
28143347,10,2017年12月18日,广仔,金光春
28139162,10,2017年12月18日,亮相,金光春
28127445,10,2017年12月15日,照耀,金光春
28122564,10,2017年12月15日,对标,金光春
28121266,10,2017年12月15日,欣赏,金光春
27800016,10,2017年11月30日,杠上花,金光春
26819185,10,2017年10月11日,中发白,金光春
25495929,10,2017年07月25日,BNC,金光春
16640514,10,2015年04月03日,双背 DUOBACK,金光春
30043066,11,2018年04月04日,,金光春
28295992,11,2017年12月25日,牛奋,金光春
25857043,11,2017年08月14日,KYOWON,金光春
25852106,11,2017年08月14日,教元,金光春
25828504,11,2017年08月11日,AYM,金光春
25824030,11,2017年08月11日,AYV,金光春
25822526,11,2017年08月11日,AYU,金光春
25813483,11,2017年08月11日,AYK,金光春
25782673,11,2017年08月09日,SPC,金光春
25782641,11,2017年08月09日,AYG,金光春
25782636,11,2017年08月09日,AYH,金光春
25782409,11,2017年08月09日,ARN,金光春
25772581,11,2017年08月09日,AYY,金光春
25771613,11,2017年08月09日,HKU,金光春
25770268,11,2017年08月09日,AYF,金光春
25768323,11,2017年08月09日,ARP,金光春
25765600,11,2017年08月09日,AYJ,金光春
25756104,11,2017年08月08日,AFH,金光春
25756024,11,2017年08月08日,AQQ,金光春
25754531,11,2017年08月08日,AFV,金光春
25733950,11,2017年08月07日,AFF,金光春
25732732,11,2017年08月07日,AAY,金光春
25732505,11,2017年08月07日,AAJ,金光春
25727700,11,2017年08月07日,AAO,金光春
25723110,11,2017年08月07日,AFQ,金光春
25716919,11,2017年08月07日,AFW,金光春
25711168,11,2017年08月04日,ABW,金光春
25710736,11,2017年08月04日,ACH,金光春
25705543,11,2017年08月04日,ACN,金光春
25702497,11,2017年08月04日,ABQ,金光春
25702079,11,2017年08月04日,ABI,金光春
25702064,11,2017年08月04日,ACQ,金光春
25695585,11,2017年08月04日,ACW,金光春
25694153,11,2017年08月04日,ACJ,金光春
25694136,11,2017年08月04日,ACY,金光春
25615828,11,2017年07月31日,杠铃,金光春
25607603,11,2017年07月31日,哑铃,金光春
25532080,11,2017年07月26日,淡爽,金光春
25525559,11,2017年07月26日,背心,金光春
25513299,11,2017年07月25日,PZA,金光春
25502708,11,2017年07月25日,PAZ,金光春
25060999,11,2017年06月29日,金球奖,金光春
21797898,11,2016年11月04日,身友,金光春
21646701,11,2016年10月21日,教元 KYOWON,金光春
20847866,11,2016年08月02日,BODYFRIEND,金光春
17851301,11,2015年09月08日,伊纳斯 INUS,金光春
16640476,11,2015年04月03日,身友 BODYFRIEND,金光春
15712500,11,2014年11月15日,伊纳斯 INUS,金光春
14852703,11,2014年07月22日,爱茉莉,金光春
14567339,11,2014年05月28日,教元 KYO WON,金光春
8673905,11,2010年09月16日,绅士格林,金光春
8354576,11,2010年06月02日,SENSEGREEN,金光春
8354575,11,2010年06月02日,图形,金光春
28310556,16,2017年12月25日,牛奋,金光春
28152918,16,2017年12月18日,亮相,金光春
28122570,16,2017年12月15日,对标,金光春
27805046,16,2017年11月30日,杠上花,金光春
27789821,16,2017年11月29日,BODY FRIEND,金光春
25848349,16,2017年08月14日,KYOWON,金光春
25839637,16,2017年08月14日,教元,金光春
25605566,16,2017年07月31日,香香,金光春
25605556,16,2017年07月31日,秋波,金光春
24140059,16,2017年05月15日,卫冕,金光春
21646747,16,2016年10月21日,KYOWON 教元,金光春
20860444,16,2016年08月03日,BODYFRIEND,金光春
20539804,16,2016年07月05日,槐卿,金光春
14567337,16,2014年05月28日,教元 KYOWON,金光春
26824361,18,2017年10月11日,中发白,金光春
15711053,18,2014年11月15日,亿爱 EVOC,金光春
15711029,18,2014年11月15日,伞兵 EBERLESTOCK,金光春
18356038,19,2015年11月17日,福注 BOKJU,金光春
29164145,20,2018年02月06日,身友,金光春
28156487,20,2017年12月18日,广仔,金光春
28131562,20,2017年12月15日,对标,金光春
26816588,20,2017年10月11日,中发白,金光春
25826118,20,2017年08月11日,AYC,金光春
25818086,20,2017年08月11日,AYV,金光春
25810088,20,2017年08月11日,AYS,金光春
25782623,20,2017年08月09日,AYU,金光春
25780656,20,2017年08月09日,ARH,金光春
25778811,20,2017年08月09日,AYG,金光春
25777896,20,2017年08月09日,ARL,金光春
25777548,20,2017年08月09日,ARP,金光春
25775612,20,2017年08月09日,AYF,金光春
25773686,20,2017年08月09日,AYY,金光春
25773681,20,2017年08月09日,AYE,金光春
25773278,20,2017年08月09日,ARZ,金光春
25773240,20,2017年08月09日,ARG,金光春
25772575,20,2017年08月09日,AYH,金光春
25770674,20,2017年08月09日,AYQ,金光春
25767478,20,2017年08月09日,AYR,金光春
25763533,20,2017年08月09日,ARN,金光春
25760274,20,2017年08月08日,AFC,金光春
25750327,20,2017年08月08日,AFZ,金光春
25747154,20,2017年08月08日,AFH,金光春
25743556,20,2017年08月08日,AFB,金光春
25742434,20,2017年08月08日,AFV,金光春
25736319,20,2017年08月07日,AFY,金光春
25735293,20,2017年08月07日,AFO,金光春
25730223,20,2017年08月07日,AFE,金光春
25730138,20,2017年08月07日,AFL,金光春
25723646,20,2017年08月07日,AFR,金光春
25720069,20,2017年08月07日,AFQ,金光春
16428866,20,2015年03月02日,VIVIENDA 公主王子,金光春
29775957,21,2018年03月23日,身友,金光春
28311545,21,2017年12月25日,问世,金光春
28310783,21,2017年12月25日,捭阖,金光春
28303884,21,2017年12月25日,脸蛋,金光春
28289572,21,2017年12月25日,巨惠,金光春
28158304,21,2017年12月18日,亮相,金光春
28156491,21,2017年12月18日,广仔,金光春
28119220,21,2017年12月15日,照耀,金光春
27805072,21,2017年11月30日,杠上花,金光春
26827411,21,2017年10月11日,中发白,金光春
26727281,21,2017年10月09日,犀牛角,金光春
25823710,21,2017年08月11日,AYY,金光春
25819617,21,2017年08月11日,AYV,金光春
25819300,21,2017年08月11日,AYM,金光春
25815662,21,2017年08月11日,AYK,金光春
25780752,21,2017年08月09日,AYG,金光春
25780750,21,2017年08月09日,AYH,金光春
25780309,21,2017年08月09日,ARB,金光春
25779424,21,2017年08月09日,ARV,金光春
25775425,21,2017年08月09日,ARZ,金光春
25774767,21,2017年08月09日,ARI,金光春
25772596,21,2017年08月09日,AYU,金光春
25772150,21,2017年08月09日,ARW,金光春
25770488,21,2017年08月09日,ARL,金光春
25770283,21,2017年08月09日,AYP,金光春
25759901,21,2017年08月08日,AFB,金光春
25756787,21,2017年08月08日,AFX,金光春
25756176,21,2017年08月08日,AFH,金光春
25755207,21,2017年08月08日,AFZ,金光春
25754406,21,2017年08月08日,AQQ,金光春
25738692,21,2017年08月08日,AFV,金光春
25736239,21,2017年08月07日,AFF,金光春
25736167,21,2017年08月07日,AAV,金光春
25733102,21,2017年08月07日,AFO,金光春
25732781,21,2017年08月07日,AAH,金光春
25732747,21,2017年08月07日,AAQ,金光春
25731321,21,2017年08月07日,AAX,金光春
25731274,21,2017年08月07日,AAW,金光春
25730054,21,2017年08月07日,AAJ,金光春
25729721,21,2017年08月07日,AFS,金光春
25729340,21,2017年08月07日,ACZ,金光春
25728541,21,2017年08月07日,ACB,金光春
25728473,21,2017年08月07日,ACX,金光春
25727736,21,2017年08月07日,AAT,金光春
25726898,21,2017年08月07日,AAZ,金光春
25726222,21,2017年08月07日,AFE,金光春
25725747,21,2017年08月07日,AFI,金光春
25722077,21,2017年08月07日,AFY,金光春
25722051,21,2017年08月07日,AAP,金光春
25720670,21,2017年08月07日,AAY,金光春
25720663,21,2017年08月07日,AAR,金光春
25720600,21,2017年08月07日,ACL,金光春
25718597,21,2017年08月07日,AFW,金光春
25716966,21,2017年08月07日,AFQ,金光春
25716955,21,2017年08月07日,AAD,金光春
25716928,21,2017年08月07日,ACV,金光春
25716853,21,2017年08月07日,AAM,金光春
25711200,21,2017年08月04日,ACU,金光春
25711180,21,2017年08月04日,ABW,金光春
25711142,21,2017年08月04日,ACY,金光春
25710743,21,2017年08月04日,ABI,金光春
25707542,21,2017年08月04日,ACN,金光春
25707528,21,2017年08月04日,ACW,金光春
25705811,21,2017年08月04日,ACQ,金光春
25702043,21,2017年08月04日,ACS,金光春
25700956,21,2017年08月04日,ABY,金光春
25700518,21,2017年08月04日,ACH,金光春
25698209,21,2017年08月04日,ABJ,金光春
25697859,21,2017年08月04日,ABM,金光春
25695654,21,2017年08月04日,ABF,金光春
25694106,21,2017年08月04日,ACD,金光春
25694099,21,2017年08月04日,ACP,金光春
25692498,21,2017年08月04日,ADT,金光春
25690894,21,2017年08月04日,ABZ,金光春
25615967,21,2017年07月31日,力图,金光春
25613157,21,2017年07月31日,哑铃,金光春
25612738,21,2017年07月31日,杠铃,金光春
25606507,21,2017年07月31日,暗送秋波,金光春
25522867,21,2017年07月26日,背心,金光春
25522780,21,2017年07月26日,马甲,金光春
25509418,21,2017年07月25日,淡爽,金光春
25509160,21,2017年07月25日,ARM,金光春
24831868,21,2017年06月28日,金球奖,金光春
18258056,21,2015年11月05日,珍鲜格 JMGREEN,金光春
14620437,22,2014年06月20日,CENTER POLE CP,金光春
24434774,24,2017年06月01日,VIVIEN,金光春
28119191,25,2017年12月15日,对标,金光春
18356030,25,2015年11月17日,图形,金光春
15710755,25,2014年11月15日,炮手 POSTX,金光春
4908979,25,2005年09月22日,辽足本山,金光春
4404983,25,2004年12月08日,星爷,金光春
29160910,28,2018年02月06日,身友,金光春
28312774,28,2017年12月25日,捭阖,金光春
28294828,28,2017年12月25日,开关,金光春
28145777,28,2017年12月18日,亮相,金光春
28113925,28,2017年12月15日,照耀,金光春
28112434,28,2017年12月15日,对标,金光春
25826894,28,2017年08月11日,AYV,金光春
25823635,28,2017年08月11日,AYC,金光春
25814846,28,2017年08月11日,AYK,金光春
25812579,28,2017年08月11日,AYM,金光春
25781862,28,2017年08月09日,ARS,金光春
25777668,28,2017年08月09日,AYP,金光春
25777561,28,2017年08月09日,ARP,金光春
25775956,28,2017年08月09日,ARN,金光春
25775591,28,2017年08月09日,AYQ,金光春
25772521,28,2017年08月09日,AYU,金光春
25772147,28,2017年08月09日,ARW,金光春
25770690,28,2017年08月09日,AYG,金光春
25767425,28,2017年08月09日,AYR,金光春
25767097,28,2017年08月09日,ARV,金光春
25766807,28,2017年08月09日,AYH,金光春
25764488,28,2017年08月09日,ARL,金光春
25761068,28,2017年08月08日,AQQ,金光春
25755903,28,2017年08月08日,AFC,金光春
25751831,28,2017年08月08日,AFB,金光春
25747971,28,2017年08月08日,AFH,金光春
25741838,28,2017年08月08日,AFM,金光春
25741629,28,2017年08月08日,AFZ,金光春
25736657,28,2017年08月07日,AFS,金光春
25736264,28,2017年08月07日,AFK,金光春
25731386,28,2017年08月07日,AFI,金光春
25729362,28,2017年08月07日,AFO,金光春
25723605,28,2017年08月07日,AFY,金光春
25722029,28,2017年08月07日,AFG,金光春
25721905,28,2017年08月07日,AFQ,金光春
25718774,28,2017年08月07日,AFR,金光春
25607152,28,2017年07月31日,力图,金光春
25601050,28,2017年07月31日,香香,金光春
25598450,28,2017年07月31日,秋波,金光春
25069722,28,2017年06月29日,卧薪尝胆,金光春
22632955,28,2017年01月16日,手掌悟空 SONOKONG,金光春
18415341,28,2015年11月24日,手掌悟空 SONO KONG,金光春
30088788,29,2018年04月08日,,金光春
30067578,29,2018年04月04日,广泉,金光春
30040339,29,2018年04月04日,妙香山,金光春
30012662,29,2018年04月03日,天然别谷,金光春
29797342,29,2018年03月23日,别谷,金光春
29792814,29,2018年03月23日,韩天牛,金光春
29792801,29,2018年03月23日,金鸡烤宴,金光春
29786537,29,2018年03月23日,酷大,金光春
28217482,29,2017年12月20日,路标,金光春
28110146,29,2017年12月15日,对标,金光春
28110063,29,2017年12月15日,照耀,金光春
27808393,29,2017年11月30日,灭火器,金光春
26779386,29,2017年10月09日,黄腾峡,金光春
26763595,29,2017年10月09日,古龙峡,金光春
26739983,29,2017年09月30日,希典,金光春
25260813,29,2017年07月11日,MANIKER,金光春
24335576,29,2017年05月25日,寿尔,金光春
23250591,29,2017年03月22日,浩植 HOSIGI,金光春
23210284,29,2017年03月20日,天然别谷,金光春
22441435,29,2016年12月29日,MOMS TOUCH,金光春
22423664,29,2016年12月28日,肌速 MUSCLE PA,金光春
22344739,29,2016年12月21日,孔雀 PEACOCK,金光春
21576675,29,2016年10月14日,蜜思帝 MYTHJOKBAL,金光春
21374568,29,2016年09月21日,OLBAAN,金光春
21374496,29,2016年09月21日,MANIKER,金光春
20619974,29,2016年07月12日,WONIL,金光春
19920413,29,2016年05月11日,古来思 GORAESA,金光春
19920016,29,2016年05月11日,安大光 DAEKWANG,金光春
19919685,29,2016年05月11日,HAENAM KIMCHI,金光春
19606994,29,2016年04月12日,图形,金光春
19606724,29,2016年04月12日,CHICKYDUCKY,金光春
19561219,29,2016年04月07日,P,金光春
18415109,29,2015年11月24日,DR.ASAHAN,金光春
18414911,29,2015年11月24日,ARUMCHAN,金光春
18365611,29,2015年11月18日,HWANGCHIL SAMGYETANG,金光春
18356207,29,2015年11月17日,民俗故乡 JAGTEO,金光春
18356100,29,2015年11月17日,海友村 HAEWOOCHON,金光春
18306846,29,2015年11月11日,天然别谷,金光春
18293774,29,2015年11月10日,207 今鲜生,金光春
18280619,29,2015年11月09日,MANIKER PEACOCK,金光春
18280483,29,2015年11月09日,童友 DONGWOO,金光春
17794837,29,2015年08月31日,咖萨 CASAMINGO,金光春
17783740,29,2015年08月28日,贡乃,金光春
17540533,29,2015年07月29日,土俗村,金光春
17540522,29,2015年07月29日,浩植 HOSIGI,金光春
17540406,29,2015年07月29日,干埠 KKANBU,金光春
17385191,29,2015年07月08日,炸基神 CHICKENMANIA,金光春
17385094,29,2015年07月08日,基星 GEOSUNG CHICKIN,金光春
17385004,29,2015年07月08日,赛博客 MOM'S TOUCH,金光春
16705249,29,2015年04月14日,柳京 RYU GYONG,金光春
16443724,29,2015年03月05日,福啦啦 HOOLALA,金光春
16443689,29,2015年03月05日,烤顶 OVENMARU,金光春
16443629,29,2015年03月05日,达第 DAEDAE,金光春
16439576,29,2015年03月04日,炸基达人 CHICKEN BAENGI,金光春
16439412,29,2015年03月04日,千一 CHUNIL,金光春
16439398,29,2015年03月04日,哈神 HOTSUN,金光春
16428781,29,2015年03月02日,神德 THUNDER,金光春
16146619,29,2015年01月13日,火筒 THANK U MOM,金光春
16052849,29,2014年12月30日,犒肉兄弟 BULGOGI BROTHERS,金光春
15989421,29,2014年12月22日,爱烘味 OURHOME,金光春
15852705,29,2014年12月03日,中煲,金光春
15852580,29,2014年12月03日,韩煲 DACKKANG,金光春
15760811,29,2014年11月21日,妙香山 MYO HYANG SAN,金光春
15745338,29,2014年11月19日,高炉雄鸡,金光春
15745160,29,2014年11月19日,高烤,金光春
15734472,29,2014年11月18日,荡荡 TDAG TDAG,金光春
15711127,29,2014年11月15日,广泉 KKULDAK,金光春
15711048,29,2014年11月15日,韩辛奇 BODRAM,金光春
14820143,29,2014年07月18日,安东,金光春
14820141,29,2014年07月18日,寿尔,金光春
14620438,29,2014年06月20日,宝路路 P,金光春
14567345,29,2014年05月28日,圃美多,金光春
14529797,29,2014年05月14日,图形,金光春
14529795,29,2014年05月14日,实农,金光春
30054618,30,2018年04月04日,中煲,金光春
30044263,30,2018年04月04日,CACAO CHURRO,金光春
30028027,30,2018年04月03日,天然别谷,金光春
29790294,30,2018年03月23日,酷达,金光春
29790291,30,2018年03月23日,别谷,金光春
29786553,30,2018年03月23日,情圈,金光春
29785600,30,2018年03月23日,情糕,金光春
29171847,30,2018年02月06日,OLBAAN,金光春
29168821,30,2018年02月06日,AUNTIEANNES,金光春
29159513,30,2018年02月06日,HANSOT,金光春
28218280,30,2017年12月20日,路标,金光春
28127324,30,2017年12月15日,馋榴芒,金光春
28115801,30,2017年12月15日,对标,金光春
27772152,30,2017年11月29日,今鲜生,金光春
26803363,30,2017年10月10日,斗姆,金光春
26795028,30,2017年10月10日,今鲜生,金光春
26772846,30,2017年10月09日,春姐,金光春
26727531,30,2017年09月30日,希典,金光春
26173654,30,2017年08月31日,山中茶人,金光春
25757260,30,2017年08月08日,YOPOKKL,金光春
24335689,30,2017年05月25日,寿尔,金光春
23210138,30,2017年03月20日,天然别谷,金光春
22632863,30,2017年01月16日,特杯,金光春
21374546,30,2016年09月21日,OLBAAN,金光春
20874356,30,2016年08月04日,HANSOT,金光春
20860607,30,2016年08月03日,MOMS TOUCH,金光春
20620188,30,2016年07月12日,WONIL,金光春
19923994,30,2016年05月11日,铁原五台,金光春
19923982,30,2016年05月11日,舒来野,金光春
19923951,30,2016年05月11日,君宝利川,金光春
19920065,30,2016年05月11日,三光 SAM KWANG,金光春
19919978,30,2016年05月11日,PALDO,金光春
19876508,30,2016年05月06日,PIZZA ALVOLO,金光春
19784663,30,2016年04月27日,龙秋 YONGCHUGOL,金光春
18415332,30,2015年11月24日,司饔院 SAONGWON,金光春
18415225,30,2015年11月24日,OBOK FOODS,金光春
18415041,30,2015年11月24日,OHAESMIN,金光春
18356316,30,2015年11月17日,馋粥 MASIHANA,金光春
18306895,30,2015年11月11日,天然别谷,金光春
18232078,30,2015年11月03日,GOOBNE,金光春
18232041,30,2015年11月03日,贡乃,金光春
17913626,30,2015年09月16日,玉冰雪 OKBINGSUL,金光春
17794951,30,2015年08月31日,幸国 HEUNGKUK,金光春
17673433,30,2015年08月14日,途得蒂 TO THE DIFFERENT,金光春
17673425,30,2015年08月14日,都达特 CAFE DUDART,金光春
16855156,30,2015年04月30日,国代,金光春
16705337,30,2015年04月14日,柳京 RYU GYONG,金光春
16428793,30,2015年03月02日,冰甜蜜车 SWEETRUCK,金光春
16146687,30,2015年01月13日,中煲 CACAO CHURRO,金光春
15989458,30,2014年12月22日,爱烘味 OURHOME,金光春
15761016,30,2014年11月21日,安土安士 AUNTIEANNES,金光春
15745076,30,2014年11月19日,BOLAK 光日 KWANG IL,金光春
15734153,30,2014年11月18日,安缇安 TAPIAU,金光春
14820145,30,2014年07月18日,春川,金光春
14820142,30,2014年07月18日,寿尔,金光春
14665647,30,2014年07月11日,辛糕 SINDDUK,金光春
14665646,30,2014年07月11日,国代,金光春
14567342,30,2014年05月28日,本粥拌饭 BONJUK,金光春
14567338,30,2014年05月28日,韩煲 HANSOT,金光春
14535092,30,2014年05月16日,图形,金光春
14491477,30,2014年04月30日,倍吉美尔 VEGEMIL,金光春
14491475,30,2014年04月30日,真珠 JJ,金光春
30060414,31,2018年04月04日,,金光春
30055225,31,2018年04月04日,,金光春
30012677,31,2018年04月03日,天然别谷,金光春
28152826,31,2017年12月18日,广仔,金光春
26769876,31,2017年10月09日,粤农粤香,金光春
26767389,31,2017年10月09日,春姐,金光春
26764077,31,2017年10月09日,古龙峡,金光春
26759751,31,2017年10月09日,黄腾峡,金光春
25615956,31,2017年07月31日,乡姑,金光春
23208676,31,2017年03月20日,天然别谷,金光春
20860653,31,2016年08月03日,MOMS TOUCH,金光春
20552765,31,2016年07月06日,母爱宝,金光春
20552757,31,2016年07月06日,爱智宝,金光春
18306753,31,2015年11月11日,天然别谷,金光春
14535091,31,2014年05月16日,好餐得,金光春
14491476,31,2014年04月30日,膳府 SEMPIO,金光春
14491474,31,2014年04月30日,不倒翁,金光春
14491473,31,2014年04月30日,宗家府 CHONGGA,金光春
30067277,32,2018年04月04日,,金光春
30033729,32,2018年04月03日,天然别谷,金光春
21137697,32,2016年08月29日,OKBAN,金光春
19920219,32,2016年05月11日,瑞碧斯,金光春
17161127,32,2015年06月09日,京鲜 KYONG SUN,金光春
16855727,32,2015年04月30日,义城,金光春
14820140,32,2014年07月18日,义城黑蒜,金光春
14635943,32,2014年06月27日,神德山 神德泉水,金光春
14635942,32,2014年06月27日,三防泉水,金光春
5624556,32,2006年09月22日,歪脖老母,金光春
4405006,32,2004年12月08日,渴望,金光春
14529796,33,2014年05月14日,国顺堂 KOOKSOONDANG,金光春
30033112,35,2018年04月03日,天然别谷,金光春
29795918,35,2018年03月23日,民俗村,金光春
29795915,35,2018年03月23日,别谷,金光春
29786865,35,2018年03月23日,情糕,金光春
29785621,35,2018年03月23日,情纯,金光春
29779297,35,2018年03月23日,韩天牛,金光春
29778931,35,2018年03月23日,雪梅花,金光春
29774406,35,2018年03月23日,火炉手,金光春
29774363,35,2018年03月23日,莽汉,金光春
27793311,35,2017年11月29日,今鲜生,金光春
25860655,35,2017年08月15日,THUMB N COFFEE,金光春
25838907,35,2017年08月14日,PIZZA ALVOLO,金光春
25598458,35,2017年07月31日,祖果,金光春
24230018,35,2017年05月19日,ARCO VALENO,金光春
23210073,35,2017年03月20日,天然别谷,金光春
21279002,35,2016年09月12日,MADFRY CHICKEN,金光春
20905897,35,2016年08月08日,炸基神 CHICKENMANIA,金光春
20860818,35,2016年08月03日,MOMS TOUCH,金光春
20619952,35,2016年07月12日,BARIS BAGUETTE,金光春
18306797,35,2015年11月11日,天然别谷,金光春
18304588,35,2015年11月11日,YOGER PRESSO,金光春
18304422,35,2015年11月11日,BEANSBINS COFFEE,金光春
18232086,35,2015年11月03日,帅呆了小猫,金光春
17913743,35,2015年09月16日,玉冰雪 OKBINGSUL,金光春
15891606,35,2014年12月09日,韩正食 NATURE REPUBLIC,金光春
15891558,35,2014年12月09日,满心妈 MOMS MOM,金光春
14567343,35,2014年05月28日,韩煲,金光春
14567333,35,2014年05月28日,韩食馋瘾 KFIA,金光春
9000969,35,2010年12月29日,贝斯特必得 BESTBIDET,金光春
28220456,36,2017年12月20日,十字路口,金光春
28208815,36,2017年12月20日,小张,金光春
28162300,36,2017年12月18日,广仔,金光春
26859071,36,2017年10月13日,中发白,金光春
26228219,40,2017年09月04日,PIZZA ETANG,金光春
25881538,40,2017年08月15日,THUMB N COFFEE,金光春
25847329,40,2017年08月14日,PIZZA ALVOLO,金光春
24232166,40,2017年05月19日,ARCO VALENO,金光春
20905826,40,2016年08月08日,炸基神 CHICKENMANIA,金光春
20860863,40,2016年08月03日,MOM'S TOUCH,金光春
18304546,40,2015年11月11日,YOGER PRESSO,金光春
18304497,40,2015年11月11日,BEANSBINS COFFEE,金光春
18293855,40,2015年11月10日,DAL.KOMM 达可梦,金光春
18221505,40,2015年11月02日,华夫班特 WAFFLE BANT,金光春
18221411,40,2015年11月02日,菜鲜堂 MASTER,金光春
18221371,40,2015年11月02日,兹乐兹乐 CHIRCHIR,金光春
28124127,41,2017年12月15日,软着陆,金光春
27799122,41,2017年11月30日,水大鱼大,金光春
27785703,41,2017年11月29日,BODY FRIEND,金光春
26822827,41,2017年10月11日,中发白,金光春
25663457,41,2017年08月02日,力图,金光春
24259791,41,2017年05月22日,八面来风,金光春
23911164,41,2017年05月02日,世名会,金光春
20860108,41,2016年08月03日,BODYFRIEND,金光春
23911105,42,2017年05月02日,世名会,金光春
30239845,43,2018年04月13日,,金光春
30061777,43,2018年04月04日,草绿叶,金光春
30052782,43,2018年04月04日,中煲文化,金光春
30045929,43,2018年04月04日,正拌,金光春
29823485,43,2018年03月26日,米斯特宝膳 MISTERBOSSAM MRBOSSAM,金光春
29810212,43,2018年03月26日,雅德利爱,金光春
29798812,43,2018年03月23日,火炉手,金光春
29798810,43,2018年03月23日,汉村,金光春
29795930,43,2018年03月23日,祖果,金光春
29790362,43,2018年03月23日,乡村饭桌,金光春
29775950,43,2018年03月23日,永同,金光春
29774425,43,2018年03月23日,中煲文化,金光春
29574539,43,2018年03月13日,铁长老,金光春
29354655,43,2018年02月27日,劳顶笨,金光春
29267379,43,2018年02月11日,酷大,金光春
29155065,43,2018年02月06日,OLBAAN,金光春
28131676,43,2017年12月15日,照耀,金光春
28115804,43,2017年12月15日,对标,金光春
27772755,43,2017年11月29日,PIZZA ETANG,金光春
26879264,43,2017年10月13日,PIZZA ETANG,金光春
26800579,43,2017年10月10日,息厅,金光春
26759882,43,2017年10月09日,商厅,金光春
26748710,43,2017年10月09日,爱厅,金光春
26734854,43,2017年09月30日,希典,金光春
25509192,43,2017年07月25日,FNB,金光春
24335565,43,2017年05月25日,ABRACADABRA PUB,金光春
24335530,43,2017年05月25日,劳顶笨,金光春
24335529,43,2017年05月25日,比萨王国炸鸡公主,金光春
24259810,43,2017年05月22日,国府,金光春
23754264,43,2017年04月24日,怡花秀 IHWASOO,金光春
23249591,43,2017年03月22日,欧芭达,金光春
23249457,43,2017年03月22日,情糕 LOVE TTEOK,金光春
23249272,43,2017年03月22日,酷大 酷达,金光春
23248293,43,2017年03月22日,铁长老,金光春
22644184,43,2017年01月17日,MISTERBOSSAM,金光春
22632912,43,2017年01月16日,秘食德,金光春
22607002,43,2017年01月13日,图形,金光春
22441572,43,2016年12月29日,MOMS TOUCH,金光春
21374379,43,2016年09月21日,PIZZA ETANG,金光春
21374269,43,2016年09月21日,ALVOLO PIZZA,金光春
21279054,43,2016年09月12日,OLBAAN,金光春
20874259,43,2016年08月04日,面条树 NOODLES TREE RESTAURANT,金光春
20874135,43,2016年08月04日,BAPURI,金光春
20847918,43,2016年08月02日,MOM'S TOUCH,金光春
20785819,43,2016年07月27日,AMASVIN AMASVIN BUBBLE TEA,金光春
20758702,43,2016年07月25日,图形,金光春
20557035,43,2016年07月06日,图形,金光春
20556917,43,2016年07月06日,THUMB N COFFEE,金光春
20459619,43,2016年06月28日,ROCKKOKKO,金光春
20394233,43,2016年06月22日,图形,金光春
20165632,43,2016年06月01日,突起 DOOKKI,金光春
19919869,43,2016年05月11日,HARUENSOKU,金光春
19863150,43,2016年05月05日,得金锅,金光春
19863119,43,2016年05月05日,MOOHWAJAM,金光春
19863115,43,2016年05月05日,THE JINCOOK,金光春
19863037,43,2016年05月05日,MANGHYANG,金光春
19862974,43,2016年05月05日,GOBCHANGGO,金光春
19815298,43,2016年04月29日,BONGEE CHICKEN,金光春
19479317,43,2016年03月30日,BHC,金光春
19016127,43,2016年01月28日,BOBLEE BURGER,金光春
18774347,43,2015年12月31日,憨豆先生,金光春
18415273,43,2015年11月24日,OMALJJABEER,金光春
18365730,43,2015年11月18日,BUBUGINAE ZZAN N ZZANS,金光春
18365681,43,2015年11月18日,SSUNI,金光春
18365415,43,2015年11月18日,BARUNCHICKEN FEELBADEUN,金光春
18293943,43,2015年11月10日,鳅鲜停,金光春
18293925,43,2015年11月10日,嫩皇 NORANG TONGDAK,金光春
18280683,43,2015年11月09日,怡花秀 IHWASOO,金光春
18280656,43,2015年11月09日,莽汉 BOOR,金光春
18251685,43,2015年11月05日,秀制排骨 SUJE GALBI,金光春
18232163,43,2015年11月03日,一口肉一杯酒,金光春
18232052,43,2015年11月03日,排谷之佳,金光春
18221503,43,2015年11月02日,烧火棍 BULGGEN NAKZI,金光春
18221208,43,2015年11月02日,糕鲜生 GOSUNSANG,金光春
17913517,43,2015年09月16日,WINNY'S COFFEE,金光春
17794984,43,2015年08月31日,雅德利爱,金光春
17783821,43,2015年08月28日,贡乃 GONGNAE,金光春
17675002,43,2015年08月14日,紫菜宝饭 GIMBAPKING,金光春
17674979,43,2015年08月14日,四十三号仓库,金光春
17673283,43,2015年08月14日,打猎人 KKUNNORI,金光春
17673230,43,2015年08月14日,爱吧请吧 SABASABA,金光春
17509766,43,2015年07月24日,三巨里肉铺,金光春
17397891,43,2015年07月09日,一五基排,金光春
17397811,43,2015年07月09日,需膳多 HAPPYOTAKU,金光春
17397735,43,2015年07月09日,马路友 WOOMARU,金光春
17397180,43,2015年07月09日,酷盘 COOKPL,金光春
17397128,43,2015年07月09日,今日炸基 OHNULDAK,金光春
17396961,43,2015年07月09日,凤鲜姐姐 BONGMADAM SALON,金光春
17382461,43,2015年07月08日,PULIPCHAE,金光春
17382176,43,2015年07月08日,正拌 HANSIK OLBAAN,金光春
17375722,43,2015年07月07日,日烤火炉 YAKIHWALO,金光春
17375705,43,2015年07月07日,舞凤里 MOOBONGRI,金光春
17375581,43,2015年07月07日,欧芭达,金光春
17375039,43,2015年07月07日,HERO 鸡斗战神,金光春
17375015,43,2015年07月07日,牛鼻烘红,金光春
17375001,43,2015年07月07日,车间班长 JAKUP BANJANG,金光春
17374673,43,2015年07月07日,今牛 黄今牛 GOLD HANU,金光春
17351462,43,2015年07月03日,烘牛,金光春
17331857,43,2015年07月01日,酷大酷达,金光春
17255141,43,2015年06月19日,一天的幸福 HARUENSOKU,金光春
17255109,43,2015年06月19日,溪暻,金光春
17255072,43,2015年06月19日,铁长老,金光春
17255024,43,2015年06月19日,龙屋洞,金光春
17254958,43,2015年06月19日,今鲜生,金光春
17254905,43,2015年06月19日,京排 GGOGIRI,金光春
17254881,43,2015年06月19日,韩排火辣 YOGA FIRE,金光春
17254864,43,2015年06月19日,韩串串 MASIGRAY,金光春
17253945,43,2015年06月19日,AUDREY HEPBURN,金光春
17191281,43,2015年06月12日,帕思雅 CAFFE PASIYA,金光春
16737868,43,2015年04月17日,哈南享猪坊,金光春
16705914,43,2015年04月14日,MEXICANA,金光春
16705504,43,2015年04月14日,红小辣鸡 ENTAS,金光春
16705416,43,2015年04月14日,柳京 RYU GYONG,金光春
16682830,43,2015年04月10日,植农部落 FARMERS VILLAGE,金光春
16682746,43,2015年04月10日,BNC,金光春
16673491,43,2015年04月09日,通达基 TONGDAK ZIP,金光春
16673465,43,2015年04月09日,COCOSHABU,金光春
16653650,43,2015年04月07日,蟹友会 CRAB BEE,金光春
16653641,43,2015年04月07日,六大将 THEGOGI,金光春
16653618,43,2015年04月07日,韩台风 CHICKEN PHONG CAFE,金光春
16604583,43,2015年03月31日,天足,金光春
16597515,43,2015年03月30日,米斯特宝膳 MISTERBOSSAM MRBOSSAM,金光春
16597506,43,2015年03月30日,THE CAFECEN'A'CLEE,金光春
16555795,43,2015年03月24日,金家炸基坊 CHICKEN BANGATGAN,金光春
16515478,43,2015年03月18日,鲜蟹友鱼 HELLO EFISH,金光春
16515427,43,2015年03月18日,情纯 CHEONG CHUN SALON,金光春
16515417,43,2015年03月18日,神同,金光春
16515405,43,2015年03月18日,旧路跑车 GUNOPOCHA,金光春
16515397,43,2015年03月18日,冠达 KKOLKKAK CHICKEN,金光春
16515375,43,2015年03月18日,PIZATOUR 比赛,金光春
16515374,43,2015年03月18日,煲罗叔叔 BAUL,金光春
16515345,43,2015年03月18日,芭宾斯 BABEANS COFEEE,金光春
16515330,43,2015年03月18日,NOMASEYA,金光春
16507144,43,2015年03月17日,魅味烤 ASSODAK,金光春
16506994,43,2015年03月17日,图形,金光春
16506942,43,2015年03月17日,KYOUNGATOTOCHICKEN,金光春
16506933,43,2015年03月17日,李上 CHUNG DAM LEE SANG,金光春
16506908,43,2015年03月17日,JANGTEO CHICKEN,金光春
16506855,43,2015年03月17日,MATTACCO,金光春
16499667,43,2015年03月16日,CHURROHEIM,金光春
16499272,43,2015年03月16日,豚寿百 BOMIBING,金光春
16499135,43,2015年03月16日,HEARTCHU,金光春
16485859,43,2015年03月13日,辛草排 ZIPSINFOOD,金光春
16485838,43,2015年03月13日,GGULDAK,金光春
16485807,43,2015年03月13日,BBQBHC,金光春
16471485,43,2015年03月11日,烘牛 BULLSOO,金光春
16471306,43,2015年03月11日,基公 TWOZONE,金光春
16451847,43,2015年03月06日,利特滋 LIJOK,金光春
16451395,43,2015年03月06日,乐休 BEERUF ACTORY,金光春
16451368,43,2015年03月06日,PEGGY PIE 派乐派斯,金光春
16451351,43,2015年03月06日,哥姐传情 LOVE LETTER,金光春
16451343,43,2015年03月06日,奥炒 ALLTEOKK,金光春
16449393,43,2015年03月06日,任性炸基 MADFRY CHICKEN,金光春
16449372,43,2015年03月06日,妖年,金光春
16449349,43,2015年03月06日,姐姐惊喜 NOO NA HOL DAK,金光春
16449338,43,2015年03月06日,钟路商会,金光春
16449327,43,2015年03月06日,真男子 NAMZATANG,金光春
16449325,43,2015年03月06日,都又来 TTOBONGEE,金光春
16449309,43,2015年03月06日,共需间 GONGSUGAN,金光春
16449294,43,2015年03月06日,哭乐 COOLLUCK,金光春
16449259,43,2015年03月06日,大头基 TWOMARI,金光春
16443625,43,2015年03月05日,吴春姐 OCHUNJABEER,金光春
16443590,43,2015年03月05日,开幕酒吧 MALJASALONG,金光春
16443582,43,2015年03月05日,李春子 ICHUNJA SALON,金光春
16443556,43,2015年03月05日,高奉民紫菜卷饭 KOBONGMIN GIMBAPIN,金光春
16443537,43,2015年03月05日,雪梅花 SULMAEHWA,金光春
16443516,43,2015年03月05日,CHICKIN PARTY,金光春
16443446,43,2015年03月05日,大呼家 DAEHOGA,金光春
16443421,43,2015年03月05日,必尝来 MASIZZIM,金光春
16439507,43,2015年03月04日,善焙 CULTWOCHICKEN,金光春
16428701,43,2015年03月02日,多农 KONG'S RICEBALL,金光春
16428643,43,2015年03月02日,娃吧快乐 WABARBARKET,金光春
16428636,43,2015年03月02日,天甜蜜密 CAFFE TOSPIA,金光春
16414632,43,2015年02月26日,傻蛋汉堡 BOBLEE BURGE,金光春
16414606,43,2015年02月26日,烤焙人家 TOASTN COFFEE,金光春
16395785,43,2015年02月15日,提拔 TBACHICHEN,金光春
16350533,43,2015年02月10日,厨院名家,金光春
16341225,43,2015年02月09日,情圈 AJUKER,金光春
16341128,43,2015年02月09日,情糕 LOVE TTEOK,金光春
16341115,43,2015年02月09日,咖啡蒂亚 CAFFE DATE,金光春
16341065,43,2015年02月09日,鸡峒 KYEDONG,金光春
16340962,43,2015年02月09日,合桃和麦 HOMIHODU,金光春
16340916,43,2015年02月09日,焙香 COCOHODO,金光春
16317692,43,2015年02月05日,GANIYEOK 酒人空 ALLEYPUB,金光春
16317643,43,2015年02月05日,世上村 NURINURI,金光春
16317639,43,2015年02月05日,六奉达 BURMURRY,金光春
16317530,43,2015年02月05日,豆芽缸 KONGSIRU,金光春
16300810,43,2015年02月03日,面条树 NOODLES TREE RESTAURANT,金光春
16300664,43,2015年02月03日,红家,金光春
16064713,43,2014年12月31日,高炉雄基 NENECHICKIN,金光春
16064622,43,2014年12月31日,憨肉先生 GRAMGRAM,金光春
16052918,43,2014年12月30日,六大匠 COOLLUCK,金光春
15989524,43,2014年12月22日,自然乐缘 NATURAL DREAM,金光春
15989461,43,2014年12月22日,草绿叶 PULIPCHAE OLBAAN,金光春
15963896,43,2014年12月18日,息港 DEELE SYNDROME,金光春
15963850,43,2014年12月18日,馋粥 GGATURI CHAM JUK,金光春
15943848,43,2014年12月16日,香甜基 GAMARO GANGJUNG,金光春
15943922,43,2014年12月16日,神仙雪浓 SHABUHYANG,金光春
15891388,43,2014年12月09日,正植堂 DODO RANG ICOOP,金光春
15875058,43,2014年12月05日,浩植 AND COOK,金光春
15875143,43,2014年12月05日,辛传 SINJEON,金光春
15875056,43,2014年12月05日,奖充洞 SINCE-JANGCHUNGDONG WANGJOKBAL&BOSSAM,金光春
15852528,43,2014年12月03日,一味里 GCOVA,金光春
15852427,43,2014年12月03日,中煲文化 BAPURI,金光春
15797956,43,2014年11月26日,金鸡烤宴,金光春
15760958,43,2014年11月21日,妙香山 MYO HYANG SAN,金光春
15734808,43,2014年11月18日,SAENGSAENG TONKATSU CLUB,金光春
15734001,43,2014年11月18日,金家福 BODRAM CHICKEN,金光春
15721258,43,2014年11月17日,比萨王国 炸鸡公主 ALVOLO PIZZA ETANG,金光春
15721255,43,2014年11月17日,奖充党 乡村饭桌 GEOSUNG CHICKEN CHEOGAJIP,金光春
15588873,43,2014年10月28日,火炉手 永同 TOSILAE,金光春
15588872,43,2014年10月28日,昔谷土城 百年土种 SELFBAR FC TS,金光春
15588871,43,2014年10月28日,熟鸡乡 OKKUDAK,金光春
15588387,43,2014年10月28日,土俗村·干埠 HOSIGI KKANBU,金光春
15376994,43,2014年09月19日,汉村 HANCHON,金光春
15376993,43,2014年09月19日,SULBING,金光春
15376992,43,2014年09月19日,TO THE DIFFERENT,金光春
14820144,43,2014年07月18日,ANDONG JJIMDAK,金光春
14567346,43,2014年05月28日,馋瘾,金光春
14567344,43,2014年05月28日,SABASABA,金光春
14567340,43,2014年05月28日,花草帘 KKOTMAREUM,金光春
14567336,43,2014年05月28日,韩煲,金光春
14567335,43,2014年05月28日,烤肉歌,金光春
14567332,43,2014年05月28日,筷馋 HONGJJAJANG,金光春
14567331,43,2014年05月28日,宗顶刷锅 MA RU SHA BU,金光春
14555041,43,2014年05月23日,新浦友利,金光春
14555040,43,2014年05月23日,五奉盒饭,金光春
14555039,43,2014年05月23日,身土鸭宴,金光春
14555038,43,2014年05月23日,清进洞 CHUNGJINDONG.COM,金光春
14555037,43,2014年05月23日,豚牛 DONENU,金光春
14555036,43,2014年05月23日,任实芝士比萨 IMSLLCHEESEPIZZA,金光春
14555035,43,2014年05月23日,MOM'S TOUCH,金光春
14555034,43,2014年05月23日,KKUNNORI,金光春
14555033,43,2014年05月23日,CAFE DUDART,金光春
14555032,43,2014年05月23日,CHICKEN MANIA,金光春
14547926,43,2014年05月21日,面条树 NOODLES TREE RESTAURANT,金光春
14547925,43,2014年05月21日,豚亲家 DONSADON,金光春
14547924,43,2014年05月21日,昔日农场,金光春
14547923,43,2014年05月21日,包村 越包菜烤肉包村火锅,金光春
14547909,43,2014年05月21日,辛村 SINCHON,金光春
14547908,43,2014年05月21日,蛎世上 GUISESANG,金光春
14547907,43,2014年05月21日,BULEIP,金光春
14547906,43,2014年05月21日,红家 HONGGA,金光春
14547905,43,2014年05月21日,半夜月烤肠世界,金光春
14547904,43,2014年05月21日,鱿鱼世界,金光春
14547903,43,2014年05月21日,真辛味,金光春
14547902,43,2014年05月21日,艺笆炖脊骨汤,金光春
14529800,43,2014年05月14日,北村韩屋 BUKCHON HANOK VILLAGE,金光春
14529799,43,2014年05月14日,登村 DEUNGCHON,金光春
14529798,43,2014年05月14日,昌庆宫,金光春
14519016,43,2014年05月09日,完山谷名家,金光春
14518989,43,2014年05月09日,BNC CHICKEN,金光春
14518988,43,2014年05月09日,傻博士 BABOS,金光春
28311541,44,2017年12月25日,巨惠,金光春
28306975,44,2017年12月25日,牛奋,金光春
28299520,44,2017年12月25日,问世,金光春
28115806,44,2017年12月15日,对标,金光春
28113011,44,2017年12月15日,欣赏,金光春
22423489,44,2016年12月28日,MCRRIANGIC,金光春
20758497,44,2016年07月25日,YESIN DIET,金光春
